Title,Series_Title,Issue_Number,Issue_Variant,Image_url,Condition,Grade,Publisher,Publication_Year,Format,Tradition,Features,Era,Type,Genre,Character,Series,Universe,Sale_Currency,Sale_Price,Shipping_Price,Sell_Method,Num_of_Bids,Time_of_Sale,Sellers_Location,Sellers_Handle,Sellers_Feedback_Score,listing_url
Spider-Man #1 Silver Torment Marvel Comic 1990 High Grade Todd McFarlane Cover,Spider-Man,1,,https://i.ebayimg.com/images/g/7McAAOSwjFBjNEaE/s-l500.jpg,Like New,,Marvel Comics,1990,,US Comics,,Copper Age (1984-1991),Comic Book,,Spider-Man (Peter Parker),,,US ,14.99,6.55,buy_it_now,,2022-12-23,"Ringwood, New Jersey, United States",rhergaby,616,https://www.ebay.com/itm/234712541641?hash=item36a5f529c9:g:7McAAOSwjFBjNEaE&amdata=enc%3AAQAHAAAAoNp0hPHle%2B1r9bWWPCJs75ds%2BRm%2BeBr6GupEuw5IFoQJhuf7olvc9zPzBGCIbTKVS1AVCY7eIihiiscNLOL48%2FP8DMeBknxmJlRtjFP2SHwAWroNkp4j4ePOqLiReA2vWctsAV8EpwM%2Be3p3SUSUxuLGxV0ZP8FE0raC6juNd2xNBU2ctiquMYzCISa%2B9fNbqw4mFCQoldQKAgI8Bjw2wIg%3D%7Ctkp%3ABk9SR6iexvynYQ
"Peter Parker The Spectacular Spider-Man Lot of 3 #29, #31, #32.  Marvel",Spectacular Spider-Man,17,,https://i.ebayimg.com/images/g/OqEAAOSwf2djmKAR/s-l500.png,--,9.0,Marvel Comics,1978,Single Issue,US Comics,"1st Edition, First Printing, Key Issue",Bronze Age (1970-83),Comic Book,"Superheroes, Action, Adventure","Spider-Man, Iceman, Spider-Man (Peter Parker), Angel (Warren Worthington III)",,Marvel (MCU),US ,5.99,10.85,highest_bidder,1,2022-12-23,"Cedar Grove, New Jersey, United States",asellers2013,469,https://www.ebay.com/itm/225297493875?hash=item3474c6ef73:g:OqEAAOSwf2djmKAR&amdata=enc%3AAQAHAAAAoEuAhcJcLCKPov6GqzAzPlBXBk5TgkJGDsn28nb5%2FcAnMMT32jMRQC4W5yWuC4tHy4yN7GY%2FmAxblCXwl%2BgBrqjsV3LMFtjbAE4jcfAH6HhnjKWhtOZSWe1Eaw3HdRbVndKxwb0LKJuV%2FTmWDMhMnLsEGJUrxS9Is0hPPo6%2B4SguJf2j4XFGuwKpPjaz0Tm0m0ceQKw3hSWFW0TI4CpS01g%3D%7Ctkp%3ABk9SR6qexvynYQ
Amazing Spider-Man #120 VG- 3.5 1973,Amazing Spider-Man,120,,https://i.ebayimg.com/images/g/8HAAAOSw5Rtjm6NP/s-l500.jpg,--,3.5,Marvel,1973,,US Comics,,Bronze Age (1970-83),Comic Book,,Spider-Man,,,US ,50.00,6.60,buy_it_now,,2022-12-23,"Arlington, Texas, United States",mycomicshop,465622,https://www.ebay.com/itm/134368173996?hash=item1f48f79fac:g:8HAAAOSw5Rtjm6NP&amdata=enc%3AAQAHAAAAoOYlpmKxiUKGKQvm429a95GZP1HmlGjXnGeNgMTxkYoOE1M6FgkJqEV5Y3HjdfXJbi7i5uQ%2FmH7EtuyyqfTOphjQH9Sp6srZtaz4KWEh4p9HH7vNmK8Qo2o%2FirJSDxx%2BYgabGGi3WCEzF8byEUXWZfyzLU3vzwMRjAjXtgrSwtoHuacAb9VyuYDjRF5%2B0W7omPsiYbwA9qXyN7I%2BhAdiVq8%3D%7Ctkp%3ABk9SR6qexvynYQ
Spider-Man the Lost Hunt 1B VF Stock Image,Spider-Man the Lost Hunt,1,B,https://i.ebayimg.com/images/g/zJ4AAOSw45RjlV6w/s-l500.jpg,--,8.0,Marvel,2023,,US Comics,,Modern Age (1992-Now),Comic Book,,Spider-Man,,,US ,13.00,6.60,buy_it_now,,2022-12-23,"Arlington, Texas, United States",mycomicshop,465622,https://www.ebay.com/itm/364076125152?hash=item54c4a0cbe0:g:zJ4AAOSw45RjlV6w&amdata=enc%3AAQAHAAAAoLqjrQzNCvr4pR7n%2Bjj%2BruUOqeGz5P90U6YXMZY3Coz0Mmx6ox7GGduK1cc7ipzvItBJlLyC13RrH0KyNdzaf0izF8Kgw0n%2FDsW9BVGz2h28evX7J1p2CdZAACOgEMoTQfgNy%2F1fAs3EFoqoQPRYIceGDp%2FYA1N3Xle6P9GQQi10zSmz%2FNqMgtIXwCv1gd438liKHi%2Bv6FDzoRYxur1zFbw%3D%7Ctkp%3ABk9SR6qexvynYQ
INFINITY WAR #1 (Marvel- 1992) - First Appearance of Spider-man Doppelganger,the living tribunal,1,,https://i.ebayimg.com/images/g/Xz8AAOSwaJljADi2/s-l500.jpg,Like New,,Marvel Comics,1992,Single Issue,US Comics,"1st Edition, Boarded, Dust Jacket, First Character Appearance, Key Issue",Modern Age (1992-Now),Comic Book,"Action, Adventure, Classics, Superheroes, War",Spider-Man,,Marvel (MCU),US ,20.00,3.49,best_offer_accepted,,2022-12-23,"Matthews, North Carolina, United States",jussea93,388,https://www.ebay.com/itm/195297513342?hash=item2d78a38f7e:g:Xz8AAOSwaJljADi2&amdata=enc%3AAQAHAAAAoH%2BD7yAUpT7WSRhwVKJU6SVI2vC5yDnxdRelOMdE%2FXHofrJJIY6MNQlGDLpWf9%2F%2BSdY8XZih%2BIvVGbwJG%2FVEYd5liGsSyWyhpX%2Bd8My5JbDwqi4S7Ioauhz%2FOy4iBTGpNLfOcmwWdnauf7%2Fa%2B%2BCf50J17%2BUMfVFMcvPQ17w177CyrPjKlOio1T44jrW5vvF%2FuxcMMcMamANm36jY9W5gJ7w%3D%7Ctkp%3ABk9SR6yexvynYQ
BATMAN SPAWN (#1) ONESHOT GREG CAPULLO 1ST PRINT COVER A (12/13/2022) DC,Batman Spawn,1,,https://i.ebayimg.com/images/g/bnUAAOSwO85jn~xF/s-l500.jpg,Brand New,9.8,DC Comics,2022,Single Issue,US Comics,"First Printing, Boarded, Limited Edition, One-shot, Special Edition",Modern Age (1992-Now),Cover Variant - A,"Action, Adventure, Crime & Thriller, Cyberpunk, Fantasy, Fiction, Science Fiction, Superheroes, Supernatural, Suspense, War","Batman, Superman, Catwoman, Deadpool, Harley Quinn, Azrael, Batgirl (Barbara Gordon), Batman (Bruce Wayne), Black Panther, Carnage, Constantine, Darth Maul, Deadshot, Deathlok, Gambit, Gwenpool, Joker, Lobo, Moon Knight, Penguin, Robin (Damian Wayne), Robin (Dick Grayson), Spider-Man (Miles Morales), Two-Face (Harvey Dent), Wolverine (Logan)",Batman Spawn,DC Universe,US ,6.99,6.50,buy_it_now,,2022-12-23,"Joliet, Illinois, United States",jewk80,1045,https://www.ebay.com/itm/144792376766?hash=item21b64c55be:g:bnUAAOSwO85jn~xF&amdata=enc%3AAQAHAAAAoOmCfWugvBmY8yGsTKwjraAon3lBrI%2BDFAVaRQKoIut0T0I4H0rAKyQrJNIqINVJ0P%2F%2FXWHvgLA7JDRbBVsvtfUJ%2FyXETqxbC1HZW70M%2BPhGzEyPOWO%2Fj%2BozKXCWeapXqNQ88GuwQBeO8Vjd0d%2Fs%2FMieRPkHyeusynwfa8OVvT82i8Hpu6jvwtmiCJNVtzaN2WemBPeokCgZWXF0Bb74Lr8%3D%7Ctkp%3ABk9SR6qexvynYQ
SPIDERMAN VS. DEADPOOL #38  MARVEL COMICS 2019 VF+,,,,https://i.ebayimg.com/images/g/mLcAAOSwzj1iQaqr/s-l500.jpg,--,,,,,,,,,,,,,US ,8.00,0.0,buy_it_now,,2022-12-23,"Miami, Florida, United States",pandpcomics,11274,https://www.ebay.com/itm/334302211340?hash=item4dd5f6ed0c:g:mLcAAOSwzj1iQaqr&amdata=enc%3AAQAHAAAAoMC01XpvH8AdlkH2d62zQAHAVTfpAr6h243VHDGKB6UCTgTSAvzYHDNqgIGcf4dPfFMjdKRq%2F2js8BHNKtP%2FpvVp%2Bljg7iElbBMxmu71uZ%2FIOp%2FDeO1kI2WgmYP02ky0s4P74bRFoeojMYazS6AER%2BdvHmLyYwfOROWEOFdSUKqSI0%2F7ZSvp68iRE%2F6s3Hwbo0VVJXLno6m%2FFQRuKmQeXsk%3D%7Ctkp%3ABk9SR6yexvynYQ
Amazing Spider-Man #14B FN Stock Image,Amazing Spider-Man,14,B,https://i.ebayimg.com/images/g/kGYAAOSwE8xjmPVc/s-l500.jpg,--,6.0,Marvel,2023,,US Comics,,Modern Age (1992-Now),Comic Book,,Spider-Man,,,US ,9.20,6.60,buy_it_now,,2022-12-23,"Arlington, Texas, United States",mycomicshop,465622,https://www.ebay.com/itm/314273295541?hash=item492c25ecb5:g:kGYAAOSwE8xjmPVc&amdata=enc%3AAQAHAAAAoEr2%2Br%2FiEjF4r1gLbA88nheLIW%2FtZ755fCdKx7KICQCdbDN4Z%2F92a78%2BIvgwPQFZq%2Byl9aH%2Foty%2FpV7%2F5NgabV563lFJzVKyoAVySqsb8JhrP9unlonlkb3ETrOlSO6x%2FV%2BRHbKLKNIG9%2F2qu1EuZd3LIERfvK16qoWZWFl96CqvbuBtEPoT%2B%2FV6V%2BxXuSt3kG%2FMASjkikMDkTB8xd4Yl7c%3D%7Ctkp%3ABk9SR6qexvynYQ
Spider-Man the Manga #1 Marvel Imports 1st English Printing 1997 Anime Japanese,Spider-Man the Manga,1,,https://i.ebayimg.com/images/g/yikAAOSwFrJjKewg/s-l500.jpg,Acceptable,4.0,Marvel Comics,1997,Single Issue,US Comics,"First Printing, 1st Edition, Boarded, Key Issue",Modern Age (1992-Now),Cover Variant - A,"Action, Adventure, Shonen, Superheroes","Electro, Spider-Man",,"Marvel (MCU), Marvel Mangaverse",US ,12.99,4.99,buy_it_now,,2022-12-23,"Denver, North Carolina, United States",dagashiyausa,11,https://www.ebay.com/itm/354290066914?hash=item527d5565e2:g:yikAAOSwFrJjKewg&amdata=enc%3AAQAHAAAAoPk2Agw%2FpCAMN3VLejga%2F31bKoB3JeKznyQP%2BbTYR6gNcRpLc%2F0mvhswkeERrwUCMKIhfhMG%2F9wV%2Bqo3%2FmHMamNSfO%2BPYLOz17he7tR95ayAeF6Wmo03IGSy7zt%2B7tPQiIaThGY87JJ6mLNHxExNNCcA%2BBVAPs%2FMOTk1uNQ51yLAfeoPHDar7Xu4%2BOjnxzqipnZ1InP3J7qqvSg6sUXx%2Brk%3D%7Ctkp%3ABk9SR6qexvynYQ
Mixed Spiderman comic book lot. 5 Books Total. Excellent Condition!,Spider-Man,,,https://i.ebayimg.com/images/g/IpQAAOSwyZdjj1pQ/s-l500.png,--,,,,Mixed Lot,US Comics,,,Comic Book,,,,,US ,5.99,3.49,highest_bidder,2,2022-12-23,"Milford, Connecticut, United States",bayviewdesignllc,322,https://www.ebay.com/itm/155312952447?hash=item24295f947f:g:IpQAAOSwyZdjj1pQ&amdata=enc%3AAQAHAAAAoPW6LbCS9halGa7hv8McO9GHi9FoaHVJ4hO1Kb0oLrixVS%2F3CnfCjm0W9ViL3ClAw5krDSiCQY%2Buj9PiEhkIn%2B8YBGkVSic%2BiEXsz8F9TGDh1%2FHp9rGi3sPVWy%2B3wlTB3J9xXAKm%2Bp3xw0T8lhBLKbW%2BN6QrH%2F5Q9jOXHz%2FQJl1fNxmlZ9NrMOb4ouPOBXCTtOgXHBeAxGd47gk0%2FtDK3%2FY%3D%7Ctkp%3ABk9SR6qexvynYQ
WEB OF SPIDER-MAN (1985) #8 - Back Issue,,,,https://i.ebayimg.com/images/g/jLUAAOSwloVhKoXI/s-l500.jpg,--,,,1985,,US Comics,,,,,,Web of Spider-Man,,C ,26.00,25.25,buy_it_now,,2022-12-23,"Hamilton, Ontario, Canada",bagboard,27,https://www.ebay.com/itm/174913400563?hash=item28b9a6aef3:g:jLUAAOSwloVhKoXI&amdata=enc%3AAQAHAAAAoFxH%2BkLHr0e7jqKx1UNwSPc%2FoNMlwWiHKzo8BgYwTkXNvZ2OGoL4qolAbqgCYsH5K3HI1hpBDuTasFrUsdcrN5trurteqTVFEtScw5f5%2Ba4aOFNL0%2B3NdUICKlWxdLSmmyCqixibaYye1PD8LHKCkl7mz%2Bd%2BF0pNPODRnA2a2IYLrqyULBcf6FY2PNnUqA8NYQ33arnNWQIP3vykkAzlXI0%3D%7Ctkp%3ABk9SR6qexvynYQ
"The Amazing Spider-Man #47 (Apr 1967, Marvel)",The Amazing Spider-Man,47,,https://i.ebayimg.com/images/g/0nsAAOSwpt5jnJZw/s-l500.jpg,Acceptable,,Marvel Comics,1967,Single Issue,US Comics,"Boarded, Dust Jacket, Key Issue, Variant Cover",Silver Age (1956-69),Cover Variant - A,Superhero,Spider-Man,,Marvel (MCU),US ,45.89,8.00,highest_bidder,7,2022-12-23,"Beverly, Massachusetts, United States",resurfacedrelics,242,https://www.ebay.com/itm/195520717372?hash=item2d85f1623c:g:0nsAAOSwpt5jnJZw&amdata=enc%3AAQAHAAAAoP7sKYZOJiH2Kw76bv3sv%2Fq0pKd16LEOug8yadgjvzL3Nz%2FefrPAlW%2BUcGdBT3u05PENW68tLXqE3fUvbQprysdQkJhpgALYm%2BkTo9ocWX0dy7p6YGYQy1OZgyPmM8PKbegE21CX56XWTkcHt3rt02B8cyn4LknkpjF5urNJPzrxNTtpcyeHTr2KlhjapeP4spXfBySPvm26gW49m2pDgq0%3D%7Ctkp%3ABk9SR6qexvynYQ
* Amazing Spiderman #303 * KEY! Todd McFarlane Cover Marvel Comics 1988 â€¦ VF/NM,Amazing Spider-Man,303,,https://i.ebayimg.com/images/g/XJIAAOSwbThjn7YQ/s-l500.jpg,Very Good,9.0,Marvel Comics,1988,Single Issue,US Comics,Boarded,Copper Age (1984-1991),Comic Book,"Action, Adventure, Superheroes","Spider-Man (Peter Parker), Sandman (Flint Marko), Silver Sable",Amazing Spider-Man,Marvel (MCU),US ,12.99,3.99,best_offer_accepted,,2022-12-23,"Terryville, Connecticut, United States",collectdoor,1422,https://www.ebay.com/itm/285080695154?hash=item4260223172:g:XJIAAOSwbThjn7YQ&amdata=enc%3AAQAHAAAAoK082O4Z9r3MGPc95Zu0g5gKM8DSKcb3CJuVxDbIBDApXcKWyPaeAfyINXJFqg3HZBRvuC%2FJyUAMhG%2F9opbhcFkmhp6SHAydkS9d3MnGuFs18KGOVM%2F7gJWOJapjAYJHys3Wqu9VJ8dO46XSif1tZFjNdWN1ruy8TFtnEk4oTpAJA%2Fb5z5lD8CNTtcObAhmZgwBj0WIndSxdvPGZ8pVAEwQ%3D%7Ctkp%3ABk9SR6qexvynYQ
SUPERIOR SPIDER-MAN #32 CGC 9.8 YOUNG VARIANT SPIDER-VERSE MILES 1ST APP KARN,,32,,https://i.ebayimg.com/images/g/vtEAAOSwBL9foGnb/s-l500.jpg,Brand New,9.8,Marvel,,,US Comics,,Modern Age (1985-Now),,Superheroes,"Spider-Gwen, Spider-Man",Spider-Verse,,US ,139.95,0.0,buy_it_now,,2022-12-23,"Dearborn, Michigan, United States",droidragecollectibles,9521,https://www.ebay.com/itm/324429043562?hash=item4b897a576a:g:vtEAAOSwBL9foGnb&amdata=enc%3AAQAHAAAAoLw49zwUSMmIAqbGKFjrJ0DsVCpPkZReh85HyIp1iWMRgIq8VB5xtoMq6HuCFvMo%2BCQe6QAc2J8CsefvzLyQYmw3MS%2BEx0qQ0FHgRKWt8vZ3Hap2pvS0L2dqPd2ekqIalY7SUhuJGm%2BOaADNrswMLey%2FBhqvnuZo1b8QCB86TPnmO0jqCDFs5zW%2Fdj2DlhGoc5VEzkD9A0CFeFomWf1y1QQ%3D%7Ctkp%3ABk9SR6qexvynYQ
Amazing Spider-Man 36 CGC 5.0 VG/F 1st APPEARANCE and ORIGIN the LOOTER White pg,Amazing Spider-Man,36,,https://i.ebayimg.com/images/g/yiEAAOSwqFNjo7oh/s-l500.png,Very Good,5.0,Marvel Comics,1966,,US Comics,,Silver Age (1956-69),Comic Book,Superheroes,Spider-Man,,,US ,195.99,0.0,buy_it_now,,2022-12-23,"Erie, Pennsylvania, United States",doc.dave,1351,https://www.ebay.com/itm/175543625536?hash=item28df372740:g:yiEAAOSwqFNjo7oh&amdata=enc%3AAQAHAAAAoGFRZjaLmRGFxtiuzGu5MRg%2Fy1WUh%2BMIwIUhN4Na8UMwx9jWCVNdyXixr4H24jOPMIxVxSJLUymE1cH1UIjDLVdKjy0tlvYdhwLj4rCnPXw0ObRn0g2NfSCY%2FiH2Rs3Ptixuh1WkZq1CzEg7O0blsxyEYHY5h18i8ChhHFTVGyJRWThHvzla2eo63uA1jVguL5J4p5rhVFvkBr56dS6w6lQ%3D%7Ctkp%3ABk9SR6qexvynYQ
"Peter Parker The Spectacular Spider-Man Lot of 3 #33, #35, #38.  Marvel.",Spectacular Spider-Man,17,,https://i.ebayimg.com/images/g/usQAAOSww4BjmKI5/s-l500.png,--,9.0,Marvel Comics,1978,Single Issue,US Comics,"1st Edition, First Printing, Key Issue",Bronze Age (1970-83),Comic Book,"Superheroes, Action, Adventure","Spider-Man, Iceman, Spider-Man (Peter Parker), Angel (Warren Worthington III)",,Marvel (MCU),US ,5.99,10.85,highest_bidder,1,2022-12-23,"Cedar Grove, New Jersey, United States",asellers2013,469,https://www.ebay.com/itm/225297501765?hash=item3474c70e45:g:usQAAOSww4BjmKI5&amdata=enc%3AAQAHAAAAoAxh8d70r80zF12yCPtVwWXTS5vtQaECaClth8as1I2eBGOKmAtMbbQg%2FsuJpDaI2pHOYK8PADOPJp%2BDc4G8%2FHwC9r039f7WKL34FcYGZUku2hgmRpt%2Fm5%2BMLG60eMLm%2BdoCwt5BA4%2Fxo5pek0RkFD6%2FivH094qSPTqh%2FuUjSn4s5PXAjZFd0dDwBqSGP%2F9tS8Ndnd7tXuYRwl8i8cILIjw%3D%7Ctkp%3ABk9SR6qexvynYQ
amazing spiderman 365 hologram 2099 Hi res Scans,,,,https://i.ebayimg.com/images/g/nvoAAOSwr6lir-KT/s-l500.jpg,--,9.4,Marvel Comics,,Single Issue,US Comics,,Modern Age (1992-Now),,Superheroes,Spider-Man,Amazing Spider-Man,Marvel (MCU),US ,24.00,5.50,buy_it_now,,2022-12-23,"Wappingers Falls, New York, United States",yeahovah,3365,https://www.ebay.com/itm/325236155015?hash=item4bb995e287:g:nvoAAOSwr6lir-KT&amdata=enc%3AAQAHAAAAoLKHV99EMrk6Z60IeDu%2FTiRzHwCPAbo737VC%2B5ISTes3KOY6QkR1Z1zssWCFrl%2BGXSwPewOc6fssO4XcXaAeTKtquvgIXKqobAb7MDAJCwrgy0sRxEKrN%2FpAYMKTJNgC0E1MNL5ULsM195SsL0RHs%2F0h%2BPwJ5L8P8lcELQWCvSHBG2XdZuE6FaIqtrlgUQ24hAfUoRxLTEGfrDEEP29VAzg%3D%7Ctkp%3ABk9SR66exvynYQ
 Spiderman 1 Mcfarlane Silver cover Hi res Scans,,,,https://i.ebayimg.com/images/g/4qQAAOSwSdFf1Mzh/s-l500.jpg,--,9.4,Marvel,,,,,,,,Spider-Man,,,US ,15.00,5.25,buy_it_now,,2022-12-23,"Wappingers Falls, New York, United States",yeahovah,3365,https://www.ebay.com/itm/224275819540?hash=item3437e16c14:g:4qQAAOSwSdFf1Mzh&amdata=enc%3AAQAHAAAAoHY%2B%2BHkI22OvFMiaKgm%2FhHLq3i5KPQv%2FJn%2FNha4vtgjOrN979d%2FYoIIzbz7NAoZTHVhqzPY2xsu2VZhr54jJbnKMvVQ2fKu6p4unxkur%2ByKv8hhw%2FADtHju2jENYLqZ2ABNSQco%2BxKV2WwcoRTll7tBTuH4v0cCSMmytkL5rPzLpp9KX7dAPgC8sXsQZgUDfiZFI0asdcaZgsJ6uP2cKCRc%3D%7Ctkp%3ABk9SR66exvynYQ
Web of Spider-Man #3 1985 VF-NM - Vulture,Web of Spider-Man,16,,https://i.ebayimg.com/images/g/uWQAAOSw57pjIe31/s-l500.jpg,Very Good,9.0,Marvel Comics,1985,Single Issue,US Comics,First Printing,Copper Age (1984-1991),Comic Book,"Action, Adventure, Superheroes","Spider-Man (Peter Parker), Vulture (Adrian Toomes)",,Marvel (MCU),US ,3.00,4.16,highest_bidder,1,2022-12-23,"Siler City, North Carolina, United States",ljo_joe_szzxpztfjh,73,https://www.ebay.com/itm/334664569000?hash=item4deb9010a8:g:uWQAAOSw57pjIe31&amdata=enc%3AAQAHAAAAoIcU6h18tz79Gf4hsYXuMRiLrKNxrv9OqsmmWMBgV1mgWphamm1zBpHsbeVBLvNZvaztThlCf9Rl5dwvbVIeM36eAPxi7b%2FuZGonu2lGRCYE7k4Hg%2FUtRRkBNm%2BnjgrFa5rS35yc61PG1grzXQlA2s1dejV7MBMzMw2tyXpSyATWgTX55z%2B8MVK0FGo8FibsDaanictrRQG2PklLLyuAUko%3D%7Ctkp%3ABk9SR66exvynYQ
Spiderman 13 Black suit Mcfarlane Hi res Scans,,,,https://i.ebayimg.com/images/g/tyYAAOSwoPNgaj7C/s-l500.jpg,--,9.4,Marvel,,,US Comics,,Modern Age (1992-Now),,Superheroes,Spider-Man,,,US ,25.00,5.50,buy_it_now,,2022-12-23,"Wappingers Falls, New York, United States",yeahovah,3365,https://www.ebay.com/itm/224412478574?hash=item344006ac6e:g:tyYAAOSwoPNgaj7C&amdata=enc%3AAQAHAAAAoMx4q0L5YWidG%2BnldfV1bi%2FmpqI3bmHlQQFcwlakIIm3Le%2BxybIXYEh%2BVjaI6sU0docBO%2FzpylhgBpjwpkGj5TYQWeJCe4qA0Jf6jOknRpnFppCAjkkJpfBq35DBPoneyQurEsCP5hgZHD%2BUebqyDd8WnJDXGAbAjZOpo9aNoOzAm2tDobQ63UR44o1PZtLJuNRENgaCuEc0nPZkWJb%2BP%2BU%3D%7Ctkp%3ABk9SR66exvynYQ
MILES MORALES SPIDER-MAN #40 PREDATOR VARIANT NM SPIDER-SMASHER PROWLER SELIM,MILES MORALES SPIDER-MAN,40,,https://i.ebayimg.com/images/g/q~kAAOSwrfxik5Y7/s-l500.jpg,Brand New,,MARVEL,2022,Single Issue,US Comics,"Bagged, Boarded",Modern Age (1985-Now),Comic Book,"Action/Adventure, Action, Superheroes",Spider-Man,,Marvel (MCU),US ,4.99,4.99,buy_it_now,,2022-12-23,"Union City, New Jersey, United States",milkbone88,8404,https://www.ebay.com/itm/155015095576?hash=item24179ea518:g:q~kAAOSwrfxik5Y7&amdata=enc%3AAQAHAAAA4MScSqpfpTQkttsEQ%2FgZkKx7uLrKRm5AxB4zR2y5J%2BJtZsBcY0SjFbw1wsKaD9CyM1X8lvf%2FqWG%2Bx1FzHfGCNtHpntRTLdcEPE80FTUuuYIKmBbZryK38ILIw04qJ6BkGVc%2FDI5LbO1MOoR9jQj92M3r8KE2b6%2B6%2F3JxQVGBE195TkHY71a3kDPNT78RoNX4yV17IMBqhCzJqo6%2Btmq2UzrnW4zYualHQZpb0NlofFSP0nLMb6UJqrL%2BuvcwW8U7T%2BGfcJVYcohMSrptQmAjstfuN%2BdfluneHlPYzKsdD6Fa%7Ctkp%3ABk9SR66exvynYQ
Peter Parker The Spectacular Spider-Man #24 -1st Hypno-Hustler Donald Glover VF+,The Spectacular Spider-Man,24,,https://i.ebayimg.com/images/g/BrAAAOSwJUBjpMTZ/s-l500.jpg,Like New,,Marvel Comics,1978,Single Issue,US Comics,First Printing,Bronze Age (1970-83),Comic Book,Superheroes,"Spider-Man (Peter Parker), Hypno-hustler",,Marvel (MCU),US ,59.99,5.00,buy_it_now,,2022-12-23,"Jacksonville, Florida, United States",ironicspidercomics,546,https://www.ebay.com/itm/385309265818?hash=item59b638cf9a:g:BrAAAOSwJUBjpMTZ&amdata=enc%3AAQAHAAAA4EBrAp60AEsYSG6xwu1osj59Ps48583%2B1Eul78LSn%2FhEvu01HvU2fEgP65M8fSrUwuxEzVDw3r%2FrH6JbSPNYHue521ZQdo0Cc1xzXaFzTYZnAY%2BO95IgcGnh5j1zf8bYPrDtcaGupXCdLpgpWkXRhZD6J3pabNQ2HTz5dlnolpMQMp2LPojOxRrZKf5cJIDuasIVhRNtUqm0OiZU7yQFzhlL4QusLx%2B9osM7fCpwgbfQqEfnlC7KX5SinEq5QbmrAi5Tzku%2FF8TtLAewQgRGHVK68WJpjLGt%2FuhXIZqTAERJ%7Ctkp%3ABk9SR66exvynYQ
"Peter Parker The Spectacular Spider-Man Lot of 3 #24, #25, #26.  Marvel.  1978",Spectacular Spider-Man,17,,https://i.ebayimg.com/images/g/g98AAOSwuYJjmJ3G/s-l500.png,--,9.0,Marvel Comics,1978,Single Issue,US Comics,"1st Edition, First Printing, Key Issue",Bronze Age (1970-83),Comic Book,"Superheroes, Action, Adventure","Spider-Man, Iceman, Spider-Man (Peter Parker), Angel (Warren Worthington III)",,Marvel (MCU),US ,127.50,10.85,highest_bidder,33,2022-12-23,"Cedar Grove, New Jersey, United States",asellers2013,469,https://www.ebay.com/itm/225297481790?hash=item3474c6c03e:g:g98AAOSwuYJjmJ3G&amdata=enc%3AAQAHAAAAoMTYy4TYbf9YPZSA1XWUIHOXIHDDGCoYH7a4BTLrt%2FN39ZbEmFaO858Q4OTiIaXNF0fpwe1H8eQri88qFMaWXkVmj2AJwZGgW%2BUX3aGooq7mHzTSOYYcbgQOujKaH5Q0ucv4VCe0fwrLhzqgw6b0kaNlC1CV98GBvcsO1zpbjybhChUYVbs%2FVFEYXE04RmmEZnuYqw%2FeYvGXezGykaof3ZU%3D%7Ctkp%3ABk9SR66exvynYQ
SPIDERMAN AMAZING #148 VF (8.0) SEPTEMBER 1975 CLONE SAGA MARVEL COMICS **,,,,https://i.ebayimg.com/images/g/CtEAAOSwz2piGLcb/s-l500.jpg,Very Good,,,,,,,,,,,,,GBP,49.99,12.99,buy_it_now,,2022-12-23,"Saltney, Chester, Cheshire, United Kingdom",silver-acre,158559,https://www.ebay.com/itm/134035179787?hash=item1f351e890b:g:CtEAAOSwz2piGLcb&amdata=enc%3AAQAHAAAAoI%2FQ3LoHcSu4PTVKEfzJT6%2BsbwZSnyruMmKdlFXbKA1oAPHKoj9oYAAp0ol7%2FV%2FIa%2BsQT55CGvmc%2FCQbpKgZNguvZ4B4P4yBq08NQYYHWqZtiGTlBxvxQZPFRFHDA4fTsNfC9Kl2yiVFyFw8qw4iXov5XURr%2FvGad2vx9C7vb4NJ0KnV7LNtoWZgRNUArQNPuU3eCi4eSJYQEU9I8CsbMDQ%3D%7Ctkp%3ABk9SR66exvynYQ
Untold Tales Of Spider-Man #11 : Busiek,,,,https://i.ebayimg.com/images/g/HGcAAOSw8d5fvm7L/s-l500.jpg,--,,Marvel,,Comic,,,,,,,,,GBP,2.50,10.00,buy_it_now,,2022-12-23,"New Mills, United Kingdom",high-street-books,28194,https://www.ebay.com/itm/184553191817?hash=item2af83a3989:g:HGcAAOSw8d5fvm7L&amdata=enc%3AAQAHAAAAoM4wacjMVDJW1fTc2ryhW42NuSUMqc62ps7wAUmRaVgDW9%2BFA%2BpnLbBvt6mQABu8S0%2FDi1laDi5uvl4cINs8hSXok5MHTGuPEInbRQknQ1BtQcfTZO%2BF%2Fqxpruh1rLg4DTeA%2FQpMDDtXRi%2FkO%2Fhkv5H96QjFz%2Fo8SUUHyK9PsLNwsSO%2BFQhUbyRJPfPDsNuts4tx0YQsaVxZQp%2B5OT7bzn8%3D%7Ctkp%3ABk9SR66exvynYQ
Untold Tales Of Spider-Man #11 : Busiek,,,,https://i.ebayimg.com/images/g/lHoAAOSwhodfvm5x/s-l500.jpg,--,,Marvel,,Comic,,,,,,,,,GBP,2.50,10.00,buy_it_now,,2022-12-23,"New Mills, United Kingdom",high-street-books,28194,https://www.ebay.com/itm/184553190843?hash=item2af83a35bb:g:lHoAAOSwhodfvm5x&amdata=enc%3AAQAHAAAAoIJy1eveXSGVHP5ifYmNdJTPqw%2BjBXfp8Nf%2BvSBgrSXv2TzMhzgsVDiz86LIRai1flbxF2UPa68Afl0ihgZSCblOid0K6tscDD4hP%2Fu%2FcpenMoVJX3XydZlbzUrwr6z8QzeRMzsgSTfFd3IUqjDf%2FUs8PXnHhgApGOuAR1Lb0lFWXTetoFQTMVmujkT8ZnoH0fxL1ic1eD2Pb8N4aJFmcNA%3D%7Ctkp%3ABk9SR6yexvynYQ
